user_id,full_name,email,password_hash,role,city,household_size,created_at
1,User_1,user1@example.com,hashed_password,household,Delhi,4,2024-12-09
2,User_2,user2@example.com,hashed_password,household,Mumbai,5,2024-11-04
3,User_3,user3@example.com,hashed_password,household,Chennai,3,2024-12-24
4,User_4,user4@example.com,hashed_password,household,Kolkata,1,2024-01-31
5,User_5,user5@example.com,hashed_password,household,Chennai,3,2024-09-23
6,User_6,user6@example.com,hashed_password,household,Mumbai,1,2024-12-18
7,User_7,user7@example.com,hashed_password,household,Mumbai,6,2024-01-17
8,User_8,user8@example.com,hashed_password,household,Bengaluru,4,2024-07-29
9,User_9,user9@example.com,hashed_password,household,Chennai,5,2024-04-30
10,User_10,user10@example.com,hashed_password,household,Mumbai,6,2024-10-10
11,User_11,user11@example.com,hashed_password,household,Chennai,1,2024-04-18
12,User_12,user12@example.com,hashed_password,household,Hyderabad,1,2024-04-24
13,User_13,user13@example.com,hashed_password,household,Chennai,2,2024-11-29
14,User_14,user14@example.com,hashed_password,household,Pune,1,2024-04-05
15,User_15,user15@example.com,hashed_password,household,Delhi,1,2024-10-18
16,User_16,user16@example.com,hashed_password,household,Hyderabad,1,2024-07-05
17,User_17,user17@example.com,hashed_password,household,Kolkata,4,2024-01-14
18,User_18,user18@example.com,hashed_password,household,Pune,4,2024-07-20
19,User_19,user19@example.com,hashed_password,household,Chennai,6,2024-05-17
20,User_20,user20@example.com,hashed_password,household,Kolkata,6,2024-09-26
21,User_21,user21@example.com,hashed_password,household,Pune,5,2024-05-20
22,User_22,user22@example.com,hashed_password,household,Bengaluru,1,2024-05-28
23,User_23,user23@example.com,hashed_password,household,Pune,6,2024-06-04
24,User_24,user24@example.com,hashed_password,household,Mumbai,3,2024-01-31
25,User_25,user25@example.com,hashed_password,household,Mumbai,6,2024-02-04
26,User_26,user26@example.com,hashed_password,household,Mumbai,5,2024-06-17
27,User_27,user27@example.com,hashed_password,household,Kolkata,4,2024-01-19
28,User_28,user28@example.com,hashed_password,household,Kolkata,4,2024-05-02
29,User_29,user29@example.com,hashed_password,household,Bengaluru,2,2024-12-11
30,User_30,user30@example.com,hashed_password,household,Chennai,5,2024-07-16
31,User_31,user31@example.com,hashed_password,household,Chennai,2,2024-09-03
32,User_32,user32@example.com,hashed_password,household,Chennai,2,2024-07-24
33,User_33,user33@example.com,hashed_password,household,Delhi,4,2024-12-26
34,User_34,user34@example.com,hashed_password,household,Chennai,2,2024-12-16
35,User_35,user35@example.com,hashed_password,household,Mumbai,6,2024-02-26
36,User_36,user36@example.com,hashed_password,household,Pune,5,2024-11-18
37,User_37,user37@example.com,hashed_password,household,Bengaluru,3,2024-04-17
38,User_38,user38@example.com,hashed_password,household,Kolkata,4,2024-12-31
39,User_39,user39@example.com,hashed_password,household,Mumbai,4,2024-09-01
40,User_40,user40@example.com,hashed_password,household,Hyderabad,2,2024-05-28
41,User_41,user41@example.com,hashed_password,household,Mumbai,1,2024-09-15
42,User_42,user42@example.com,hashed_password,household,Delhi,5,2024-04-08
43,User_43,user43@example.com,hashed_password,household,Hyderabad,2,2024-08-18
44,User_44,user44@example.com,hashed_password,household,Chennai,3,2024-06-14
45,User_45,user45@example.com,hashed_password,household,Hyderabad,2,2024-12-18
46,User_46,user46@example.com,hashed_password,household,Bengaluru,1,2024-05-15
47,User_47,user47@example.com,hashed_password,household,Delhi,1,2024-04-25
48,User_48,user48@example.com,hashed_password,household,Kolkata,5,2024-02-16
49,User_49,user49@example.com,hashed_password,household,Mumbai,1,2024-09-07
50,User_50,user50@example.com,hashed_password,household,Hyderabad,3,2024-12-14
51,User_51,user51@example.com,hashed_password,household,Delhi,6,2024-11-08
52,User_52,user52@example.com,hashed_password,household,Pune,1,2024-08-13
53,User_53,user53@example.com,hashed_password,household,Pune,6,2024-01-14
54,User_54,user54@example.com,hashed_password,household,Mumbai,3,2024-09-03
55,User_55,user55@example.com,hashed_password,household,Hyderabad,3,2024-02-04
56,User_56,user56@example.com,hashed_password,household,Hyderabad,5,2024-09-10
57,User_57,user57@example.com,hashed_password,household,Delhi,4,2024-05-20
58,User_58,user58@example.com,hashed_password,household,Pune,4,2024-11-15
59,User_59,user59@example.com,hashed_password,household,Delhi,4,2024-01-02
60,User_60,user60@example.com,hashed_password,household,Hyderabad,5,2024-07-12
61,User_61,user61@example.com,hashed_password,household,Hyderabad,3,2024-10-05
62,User_62,user62@example.com,hashed_password,household,Delhi,4,2024-02-01
63,User_63,user63@example.com,hashed_password,household,Hyderabad,1,2024-09-04
64,User_64,user64@example.com,hashed_password,household,Hyderabad,5,2024-09-07
65,User_65,user65@example.com,hashed_password,household,Bengaluru,1,2024-08-30
66,User_66,user66@example.com,hashed_password,household,Kolkata,5,2024-01-24
67,User_67,user67@example.com,hashed_password,household,Kolkata,3,2024-11-03
68,User_68,user68@example.com,hashed_password,household,Delhi,6,2024-05-28
69,User_69,user69@example.com,hashed_password,household,Bengaluru,1,2024-11-04
70,User_70,user70@example.com,hashed_password,household,Bengaluru,5,2024-01-05
71,User_71,user71@example.com,hashed_password,household,Hyderabad,4,2024-07-31
72,User_72,user72@example.com,hashed_password,household,Delhi,6,2024-09-08
73,User_73,user73@example.com,hashed_password,household,Mumbai,4,2024-05-01
74,User_74,user74@example.com,hashed_password,household,Chennai,3,2024-11-30
75,User_75,user75@example.com,hashed_password,household,Hyderabad,2,2024-06-05
76,User_76,user76@example.com,hashed_password,household,Delhi,1,2024-04-20
77,User_77,user77@example.com,hashed_password,household,Chennai,4,2024-02-12
78,User_78,user78@example.com,hashed_password,household,Kolkata,3,2024-02-13
79,User_79,user79@example.com,hashed_password,household,Bengaluru,2,2024-11-29
80,User_80,user80@example.com,hashed_password,household,Hyderabad,2,2024-07-16
81,User_81,user81@example.com,hashed_password,household,Pune,6,2024-12-03
82,User_82,user82@example.com,hashed_password,household,Hyderabad,3,2024-05-09
83,User_83,user83@example.com,hashed_password,household,Delhi,6,2024-06-03
84,User_84,user84@example.com,hashed_password,household,Delhi,3,2024-05-30
85,User_85,user85@example.com,hashed_password,household,Bengaluru,1,2024-05-25
86,User_86,user86@example.com,hashed_password,household,Chennai,5,2024-07-10
87,User_87,user87@example.com,hashed_password,household,Delhi,5,2024-05-13
88,User_88,user88@example.com,hashed_password,household,Kolkata,3,2024-04-01
89,User_89,user89@example.com,hashed_password,household,Hyderabad,6,2024-10-06
90,User_90,user90@example.com,hashed_password,household,Kolkata,3,2024-06-15
91,User_91,user91@example.com,hashed_password,household,Hyderabad,6,2024-12-08
92,User_92,user92@example.com,hashed_password,household,Chennai,1,2024-11-10
93,User_93,user93@example.com,hashed_password,household,Hyderabad,4,2024-05-20
94,User_94,user94@example.com,hashed_password,household,Chennai,1,2024-01-14
95,User_95,user95@example.com,hashed_password,household,Bengaluru,4,2024-03-11
96,User_96,user96@example.com,hashed_password,household,Kolkata,6,2024-01-02
97,User_97,user97@example.com,hashed_password,household,Hyderabad,6,2024-05-12
98,User_98,user98@example.com,hashed_password,household,Kolkata,4,2024-11-22
99,User_99,user99@example.com,hashed_password,household,Chennai,6,2024-10-17
100,User_100,user100@example.com,hashed_password,household,Kolkata,3,2024-05-16
101,User_101,user101@example.com,hashed_password,household,Mumbai,3,2024-02-20
102,User_102,user102@example.com,hashed_password,household,Kolkata,5,2024-03-16
103,User_103,user103@example.com,hashed_password,household,Chennai,2,2024-03-06
104,User_104,user104@example.com,hashed_password,household,Kolkata,5,2024-09-03
105,User_105,user105@example.com,hashed_password,household,Chennai,5,2024-08-23
106,User_106,user106@example.com,hashed_password,household,Kolkata,1,2024-12-02
107,User_107,user107@example.com,hashed_password,household,Delhi,2,2024-06-19
108,User_108,user108@example.com,hashed_password,household,Chennai,5,2024-08-26
109,User_109,user109@example.com,hashed_password,household,Chennai,1,2024-07-26
110,User_110,user110@example.com,hashed_password,household,Pune,6,2024-02-16
111,User_111,user111@example.com,hashed_password,household,Bengaluru,2,2024-01-25
112,User_112,user112@example.com,hashed_password,household,Pune,3,2024-01-19
113,User_113,user113@example.com,hashed_password,household,Chennai,6,2024-09-17
114,User_114,user114@example.com,hashed_password,household,Kolkata,2,2024-10-23
115,User_115,user115@example.com,hashed_password,household,Mumbai,5,2024-08-25
116,User_116,user116@example.com,hashed_password,household,Chennai,6,2024-02-23
117,User_117,user117@example.com,hashed_password,household,Chennai,3,2024-09-04
118,User_118,user118@example.com,hashed_password,household,Kolkata,2,2024-09-08
119,User_119,user119@example.com,hashed_password,household,Hyderabad,1,2024-11-28
120,User_120,user120@example.com,hashed_password,household,Mumbai,2,2024-07-22
121,User_121,user121@example.com,hashed_password,household,Bengaluru,6,2024-10-27
122,User_122,user122@example.com,hashed_password,household,Hyderabad,3,2024-08-01
123,User_123,user123@example.com,hashed_password,household,Mumbai,5,2024-11-07
124,User_124,user124@example.com,hashed_password,household,Delhi,1,2024-12-20
125,User_125,user125@example.com,hashed_password,household,Pune,5,2024-03-04
126,User_126,user126@example.com,hashed_password,household,Mumbai,6,2024-10-05
127,User_127,user127@example.com,hashed_password,household,Hyderabad,6,2024-12-11
128,User_128,user128@example.com,hashed_password,household,Delhi,3,2024-08-09
129,User_129,user129@example.com,hashed_password,household,Pune,4,2024-11-15
130,User_130,user130@example.com,hashed_password,household,Kolkata,5,2024-11-04
131,User_131,user131@example.com,hashed_password,household,Pune,6,2024-03-16
132,User_132,user132@example.com,hashed_password,household,Bengaluru,1,2024-07-24
133,User_133,user133@example.com,hashed_password,household,Delhi,5,2024-05-08
134,User_134,user134@example.com,hashed_password,household,Mumbai,4,2024-11-19
135,User_135,user135@example.com,hashed_password,household,Hyderabad,1,2024-12-09
136,User_136,user136@example.com,hashed_password,household,Delhi,5,2024-05-21
137,User_137,user137@example.com,hashed_password,household,Hyderabad,4,2024-07-21
138,User_138,user138@example.com,hashed_password,household,Chennai,6,2024-05-24
139,User_139,user139@example.com,hashed_password,household,Pune,6,2024-06-09
140,User_140,user140@example.com,hashed_password,household,Kolkata,1,2024-04-01
141,User_141,user141@example.com,hashed_password,household,Kolkata,1,2024-11-30
142,User_142,user142@example.com,hashed_password,household,Bengaluru,3,2024-04-23
143,User_143,user143@example.com,hashed_password,household,Chennai,1,2024-06-17
144,User_144,user144@example.com,hashed_password,household,Kolkata,6,2025-01-01
145,User_145,user145@example.com,hashed_password,household,Delhi,4,2024-12-11
146,User_146,user146@example.com,hashed_password,household,Pune,3,2024-06-26
147,User_147,user147@example.com,hashed_password,household,Delhi,4,2024-09-05
148,User_148,user148@example.com,hashed_password,household,Pune,1,2024-07-25
149,User_149,user149@example.com,hashed_password,household,Pune,4,2024-02-02
150,User_150,user150@example.com,hashed_password,household,Hyderabad,6,2024-08-31
151,User_151,user151@example.com,hashed_password,household,Mumbai,3,2024-11-01
152,User_152,user152@example.com,hashed_password,household,Chennai,4,2024-06-23
153,User_153,user153@example.com,hashed_password,household,Mumbai,2,2024-09-09
154,User_154,user154@example.com,hashed_password,household,Pune,6,2024-11-24
155,User_155,user155@example.com,hashed_password,household,Chennai,4,2024-03-05
156,User_156,user156@example.com,hashed_password,household,Pune,6,2024-12-28
157,User_157,user157@example.com,hashed_password,household,Mumbai,4,2024-03-26
158,User_158,user158@example.com,hashed_password,household,Bengaluru,6,2024-10-16
159,User_159,user159@example.com,hashed_password,household,Mumbai,2,2024-12-29
160,User_160,user160@example.com,hashed_password,household,Delhi,5,2024-01-07
161,User_161,user161@example.com,hashed_password,household,Delhi,1,2024-01-09
162,User_162,user162@example.com,hashed_password,household,Hyderabad,3,2024-04-03
163,User_163,user163@example.com,hashed_password,household,Delhi,4,2024-12-10
164,User_164,user164@example.com,hashed_password,household,Bengaluru,2,2024-05-13
165,User_165,user165@example.com,hashed_password,household,Kolkata,2,2024-11-22
166,User_166,user166@example.com,hashed_password,household,Pune,6,2024-11-14
167,User_167,user167@example.com,hashed_password,household,Mumbai,6,2024-10-05
168,User_168,user168@example.com,hashed_password,household,Mumbai,3,2024-12-29
169,User_169,user169@example.com,hashed_password,household,Pune,5,2024-12-07
170,User_170,user170@example.com,hashed_password,household,Hyderabad,1,2024-01-17
171,User_171,user171@example.com,hashed_password,household,Delhi,4,2024-05-25
172,User_172,user172@example.com,hashed_password,household,Pune,6,2024-05-28
173,User_173,user173@example.com,hashed_password,household,Kolkata,5,2024-04-15
174,User_174,user174@example.com,hashed_password,household,Pune,3,2024-10-11
175,User_175,user175@example.com,hashed_password,household,Delhi,4,2024-12-06
176,User_176,user176@example.com,hashed_password,household,Chennai,4,2024-08-07
177,User_177,user177@example.com,hashed_password,household,Hyderabad,3,2024-01-25
178,User_178,user178@example.com,hashed_password,household,Chennai,1,2024-02-10
179,User_179,user179@example.com,hashed_password,household,Mumbai,1,2024-12-31
180,User_180,user180@example.com,hashed_password,household,Chennai,3,2024-11-16
181,User_181,user181@example.com,hashed_password,household,Pune,3,2024-04-10
182,User_182,user182@example.com,hashed_password,household,Hyderabad,5,2024-06-08
183,User_183,user183@example.com,hashed_password,household,Kolkata,5,2024-09-12
184,User_184,user184@example.com,hashed_password,household,Delhi,2,2024-10-25
185,User_185,user185@example.com,hashed_password,household,Pune,1,2024-01-14
186,User_186,user186@example.com,hashed_password,household,Bengaluru,1,2024-05-03
187,User_187,user187@example.com,hashed_password,household,Delhi,5,2024-09-11
188,User_188,user188@example.com,hashed_password,household,Delhi,6,2024-12-02
189,User_189,user189@example.com,hashed_password,household,Mumbai,4,2024-12-19
190,User_190,user190@example.com,hashed_password,household,Kolkata,5,2024-05-30
191,User_191,user191@example.com,hashed_password,household,Hyderabad,4,2024-08-09
192,User_192,user192@example.com,hashed_password,household,Hyderabad,5,2024-12-23
193,User_193,user193@example.com,hashed_password,household,Pune,3,2024-11-08
194,User_194,user194@example.com,hashed_password,household,Pune,2,2024-07-06
195,User_195,user195@example.com,hashed_password,household,Pune,5,2024-01-09
196,User_196,user196@example.com,hashed_password,household,Bengaluru,1,2024-09-02
197,User_197,user197@example.com,hashed_password,household,Delhi,5,2024-12-09
198,User_198,user198@example.com,hashed_password,household,Chennai,6,2024-06-03
199,User_199,user199@example.com,hashed_password,household,Delhi,4,2024-12-03
200,User_200,user200@example.com,hashed_password,household,Kolkata,6,2024-02-24
201,User_201,user201@example.com,hashed_password,household,Mumbai,5,2024-12-31
202,User_202,user202@example.com,hashed_password,household,Kolkata,1,2024-08-21
203,User_203,user203@example.com,hashed_password,household,Kolkata,1,2024-10-01
204,User_204,user204@example.com,hashed_password,household,Delhi,6,2024-09-12
205,User_205,user205@example.com,hashed_password,household,Kolkata,1,2024-01-07
206,User_206,user206@example.com,hashed_password,household,Kolkata,1,2024-05-13
207,User_207,user207@example.com,hashed_password,household,Delhi,3,2024-04-12
208,User_208,user208@example.com,hashed_password,household,Pune,4,2024-07-01
209,User_209,user209@example.com,hashed_password,household,Mumbai,5,2024-02-16
210,User_210,user210@example.com,hashed_password,household,Mumbai,4,2024-12-12
211,User_211,user211@example.com,hashed_password,household,Delhi,1,2024-10-07
212,User_212,user212@example.com,hashed_password,household,Chennai,2,2024-03-19
213,User_213,user213@example.com,hashed_password,household,Bengaluru,5,2024-10-04
214,User_214,user214@example.com,hashed_password,household,Kolkata,4,2024-06-14
215,User_215,user215@example.com,hashed_password,household,Kolkata,1,2024-08-23
216,User_216,user216@example.com,hashed_password,household,Pune,6,2024-08-18
217,User_217,user217@example.com,hashed_password,household,Delhi,6,2024-04-27
218,User_218,user218@example.com,hashed_password,household,Bengaluru,1,2024-04-08
219,User_219,user219@example.com,hashed_password,household,Chennai,5,2024-06-08
220,User_220,user220@example.com,hashed_password,household,Pune,2,2024-03-06
221,User_221,user221@example.com,hashed_password,household,Kolkata,3,2024-01-05
222,User_222,user222@example.com,hashed_password,household,Delhi,5,2024-11-25
223,User_223,user223@example.com,hashed_password,household,Chennai,5,2024-05-28
224,User_224,user224@example.com,hashed_password,household,Chennai,4,2024-01-28
225,User_225,user225@example.com,hashed_password,household,Hyderabad,6,2024-05-26
226,User_226,user226@example.com,hashed_password,household,Delhi,1,2024-10-07
227,User_227,user227@example.com,hashed_password,household,Delhi,5,2024-07-04
228,User_228,user228@example.com,hashed_password,household,Mumbai,6,2024-08-24
229,User_229,user229@example.com,hashed_password,household,Kolkata,6,2024-01-11
230,User_230,user230@example.com,hashed_password,household,Mumbai,3,2024-10-10
231,User_231,user231@example.com,hashed_password,household,Mumbai,1,2024-05-19
232,User_232,user232@example.com,hashed_password,household,Chennai,4,2024-06-08
233,User_233,user233@example.com,hashed_password,household,Pune,2,2024-02-02
234,User_234,user234@example.com,hashed_password,household,Kolkata,5,2024-12-18
235,User_235,user235@example.com,hashed_password,household,Mumbai,2,2024-05-09
236,User_236,user236@example.com,hashed_password,household,Mumbai,1,2024-08-18
237,User_237,user237@example.com,hashed_password,household,Bengaluru,2,2024-07-22
238,User_238,user238@example.com,hashed_password,household,Chennai,5,2024-07-09
239,User_239,user239@example.com,hashed_password,household,Chennai,5,2024-03-13
240,User_240,user240@example.com,hashed_password,household,Pune,6,2024-08-14
241,User_241,user241@example.com,hashed_password,household,Hyderabad,1,2024-12-12
242,User_242,user242@example.com,hashed_password,household,Chennai,5,2024-05-20
243,User_243,user243@example.com,hashed_password,household,Mumbai,1,2024-03-25
244,User_244,user244@example.com,hashed_password,household,Hyderabad,5,2024-08-18
245,User_245,user245@example.com,hashed_password,household,Delhi,1,2024-03-15
246,User_246,user246@example.com,hashed_password,household,Kolkata,2,2024-09-15
247,User_247,user247@example.com,hashed_password,household,Bengaluru,4,2024-06-16
248,User_248,user248@example.com,hashed_password,household,Hyderabad,1,2024-12-03
249,User_249,user249@example.com,hashed_password,household,Pune,2,2024-01-15
250,User_250,user250@example.com,hashed_password,household,Mumbai,2,2024-03-13
251,User_251,user251@example.com,hashed_password,household,Mumbai,3,2024-05-09
252,User_252,user252@example.com,hashed_password,household,Pune,3,2024-07-16
253,User_253,user253@example.com,hashed_password,household,Pune,3,2024-12-30
254,User_254,user254@example.com,hashed_password,household,Pune,2,2024-05-12
255,User_255,user255@example.com,hashed_password,household,Mumbai,3,2024-08-05
256,User_256,user256@example.com,hashed_password,household,Chennai,5,2024-09-10
257,User_257,user257@example.com,hashed_password,household,Kolkata,6,2024-02-18
258,User_258,user258@example.com,hashed_password,household,Mumbai,6,2024-01-12
259,User_259,user259@example.com,hashed_password,household,Bengaluru,2,2024-09-28
260,User_260,user260@example.com,hashed_password,household,Hyderabad,6,2024-05-04
261,User_261,user261@example.com,hashed_password,household,Kolkata,1,2024-01-11
262,User_262,user262@example.com,hashed_password,household,Bengaluru,1,2024-01-05
263,User_263,user263@example.com,hashed_password,household,Bengaluru,5,2024-02-20
264,User_264,user264@example.com,hashed_password,household,Pune,4,2024-02-14
265,User_265,user265@example.com,hashed_password,household,Pune,1,2024-06-03
266,User_266,user266@example.com,hashed_password,household,Chennai,4,2024-05-04
267,User_267,user267@example.com,hashed_password,household,Hyderabad,4,2024-02-08
268,User_268,user268@example.com,hashed_password,household,Mumbai,2,2024-12-29
269,User_269,user269@example.com,hashed_password,household,Kolkata,5,2024-12-14
270,User_270,user270@example.com,hashed_password,household,Delhi,1,2024-10-30
271,User_271,user271@example.com,hashed_password,household,Hyderabad,1,2024-02-08
272,User_272,user272@example.com,hashed_password,household,Pune,2,2024-09-07
273,User_273,user273@example.com,hashed_password,household,Kolkata,5,2024-02-10
274,User_274,user274@example.com,hashed_password,household,Kolkata,4,2024-07-10
275,User_275,user275@example.com,hashed_password,household,Hyderabad,4,2024-02-11
276,User_276,user276@example.com,hashed_password,household,Chennai,6,2024-01-07
277,User_277,user277@example.com,hashed_password,household,Delhi,6,2024-01-28
278,User_278,user278@example.com,hashed_password,household,Bengaluru,4,2024-11-16
279,User_279,user279@example.com,hashed_password,household,Delhi,6,2024-01-23
280,User_280,user280@example.com,hashed_password,household,Chennai,2,2024-08-01
281,User_281,user281@example.com,hashed_password,household,Mumbai,4,2024-09-11
282,User_282,user282@example.com,hashed_password,household,Delhi,2,2024-03-05
283,User_283,user283@example.com,hashed_password,household,Chennai,3,2024-06-12
284,User_284,user284@example.com,hashed_password,household,Delhi,1,2024-05-05
285,User_285,user285@example.com,hashed_password,household,Bengaluru,4,2024-07-04
286,User_286,user286@example.com,hashed_password,household,Hyderabad,1,2024-01-16
287,User_287,user287@example.com,hashed_password,household,Kolkata,3,2024-04-04
288,User_288,user288@example.com,hashed_password,household,Bengaluru,6,2024-02-09
289,User_289,user289@example.com,hashed_password,household,Kolkata,6,2024-10-19
290,User_290,user290@example.com,hashed_password,household,Hyderabad,6,2024-05-13
291,User_291,user291@example.com,hashed_password,household,Chennai,2,2024-02-24
292,User_292,user292@example.com,hashed_password,household,Mumbai,6,2024-02-03
293,User_293,user293@example.com,hashed_password,household,Mumbai,4,2024-05-19
294,User_294,user294@example.com,hashed_password,household,Delhi,5,2024-02-23
295,User_295,user295@example.com,hashed_password,household,Bengaluru,4,2024-02-14
296,User_296,user296@example.com,hashed_password,household,Kolkata,5,2024-08-06
297,User_297,user297@example.com,hashed_password,household,Hyderabad,5,2024-03-08
298,User_298,user298@example.com,hashed_password,household,Delhi,6,2024-10-02
299,User_299,user299@example.com,hashed_password,household,Kolkata,2,2024-06-07
300,User_300,user300@example.com,hashed_password,household,Kolkata,1,2024-08-18
301,User_301,user301@example.com,hashed_password,household,Chennai,5,2024-09-13
302,User_302,user302@example.com,hashed_password,household,Delhi,1,2024-08-09
303,User_303,user303@example.com,hashed_password,household,Delhi,3,2024-07-07
304,User_304,user304@example.com,hashed_password,household,Chennai,4,2024-08-21
305,User_305,user305@example.com,hashed_password,household,Mumbai,5,2024-07-31
306,User_306,user306@example.com,hashed_password,household,Pune,1,2024-08-05
307,User_307,user307@example.com,hashed_password,household,Pune,2,2024-07-12
308,User_308,user308@example.com,hashed_password,household,Delhi,1,2024-06-21
309,User_309,user309@example.com,hashed_password,household,Kolkata,3,2024-09-08
310,User_310,user310@example.com,hashed_password,household,Chennai,6,2024-12-08
311,User_311,user311@example.com,hashed_password,household,Hyderabad,4,2024-02-04
312,User_312,user312@example.com,hashed_password,household,Delhi,5,2024-06-22
313,User_313,user313@example.com,hashed_password,household,Chennai,3,2024-11-07
314,User_314,user314@example.com,hashed_password,household,Delhi,3,2024-05-28
315,User_315,user315@example.com,hashed_password,household,Mumbai,1,2024-01-21
316,User_316,user316@example.com,hashed_password,household,Chennai,2,2024-11-06
317,User_317,user317@example.com,hashed_password,household,Mumbai,3,2024-10-05
318,User_318,user318@example.com,hashed_password,household,Mumbai,4,2024-01-16
319,User_319,user319@example.com,hashed_password,household,Bengaluru,2,2024-06-02
320,User_320,user320@example.com,hashed_password,household,Chennai,5,2024-08-16
321,User_321,user321@example.com,hashed_password,household,Kolkata,4,2024-08-31
322,User_322,user322@example.com,hashed_password,household,Hyderabad,1,2024-06-26
323,User_323,user323@example.com,hashed_password,household,Hyderabad,2,2024-05-23
324,User_324,user324@example.com,hashed_password,household,Chennai,6,2024-03-25
325,User_325,user325@example.com,hashed_password,household,Chennai,5,2024-04-25
326,User_326,user326@example.com,hashed_password,household,Mumbai,3,2024-11-14
327,User_327,user327@example.com,hashed_password,household,Pune,6,2024-08-01
328,User_328,user328@example.com,hashed_password,household,Mumbai,5,2024-01-31
329,User_329,user329@example.com,hashed_password,household,Delhi,3,2024-10-26
330,User_330,user330@example.com,hashed_password,household,Kolkata,3,2024-09-01
331,User_331,user331@example.com,hashed_password,household,Bengaluru,3,2024-04-19
332,User_332,user332@example.com,hashed_password,household,Chennai,2,2024-10-17
333,User_333,user333@example.com,hashed_password,household,Chennai,1,2024-08-15
334,User_334,user334@example.com,hashed_password,household,Mumbai,1,2024-10-25
335,User_335,user335@example.com,hashed_password,household,Bengaluru,2,2024-07-28
336,User_336,user336@example.com,hashed_password,household,Pune,2,2024-02-08
337,User_337,user337@example.com,hashed_password,household,Pune,6,2024-05-11
338,User_338,user338@example.com,hashed_password,household,Pune,2,2024-05-11
339,User_339,user339@example.com,hashed_password,household,Pune,2,2024-02-16
340,User_340,user340@example.com,hashed_password,household,Bengaluru,6,2024-01-11
341,User_341,user341@example.com,hashed_password,household,Delhi,4,2024-12-06
342,User_342,user342@example.com,hashed_password,household,Chennai,3,2024-03-02
343,User_343,user343@example.com,hashed_password,household,Kolkata,4,2024-10-14
344,User_344,user344@example.com,hashed_password,household,Bengaluru,4,2024-03-17
345,User_345,user345@example.com,hashed_password,household,Delhi,4,2024-01-12
346,User_346,user346@example.com,hashed_password,household,Kolkata,5,2024-12-26
347,User_347,user347@example.com,hashed_password,household,Mumbai,3,2024-09-07
348,User_348,user348@example.com,hashed_password,household,Delhi,4,2024-06-20
349,User_349,user349@example.com,hashed_password,household,Pune,1,2024-03-15
350,User_350,user350@example.com,hashed_password,household,Delhi,5,2024-10-25
351,User_351,user351@example.com,hashed_password,household,Delhi,5,2024-09-25
352,User_352,user352@example.com,hashed_password,household,Bengaluru,3,2024-10-11
353,User_353,user353@example.com,hashed_password,household,Pune,2,2024-05-29
354,User_354,user354@example.com,hashed_password,household,Mumbai,2,2024-10-22
355,User_355,user355@example.com,hashed_password,household,Kolkata,1,2024-06-04
356,User_356,user356@example.com,hashed_password,household,Chennai,1,2024-10-11
357,User_357,user357@example.com,hashed_password,household,Pune,4,2024-04-18
358,User_358,user358@example.com,hashed_password,household,Chennai,6,2024-06-02
359,User_359,user359@example.com,hashed_password,household,Mumbai,6,2024-08-30
360,User_360,user360@example.com,hashed_password,household,Mumbai,5,2024-03-15
361,User_361,user361@example.com,hashed_password,household,Pune,3,2024-01-04
362,User_362,user362@example.com,hashed_password,household,Hyderabad,6,2024-03-14
363,User_363,user363@example.com,hashed_password,household,Pune,4,2024-06-01
364,User_364,user364@example.com,hashed_password,household,Mumbai,1,2024-11-18
365,User_365,user365@example.com,hashed_password,household,Kolkata,1,2024-07-23
366,User_366,user366@example.com,hashed_password,household,Kolkata,4,2024-11-13
367,User_367,user367@example.com,hashed_password,household,Delhi,6,2024-12-02
368,User_368,user368@example.com,hashed_password,household,Delhi,3,2024-09-02
369,User_369,user369@example.com,hashed_password,household,Pune,3,2024-10-20
370,User_370,user370@example.com,hashed_password,household,Mumbai,3,2024-07-28
371,User_371,user371@example.com,hashed_password,household,Bengaluru,5,2024-03-06
372,User_372,user372@example.com,hashed_password,household,Hyderabad,3,2024-11-12
373,User_373,user373@example.com,hashed_password,household,Kolkata,1,2024-10-06
374,User_374,user374@example.com,hashed_password,household,Chennai,5,2024-10-12
375,User_375,user375@example.com,hashed_password,household,Chennai,5,2024-01-31
376,User_376,user376@example.com,hashed_password,household,Chennai,2,2024-08-02
377,User_377,user377@example.com,hashed_password,household,Bengaluru,1,2024-05-31
378,User_378,user378@example.com,hashed_password,household,Bengaluru,4,2024-05-02
379,User_379,user379@example.com,hashed_password,household,Chennai,3,2024-06-27
380,User_380,user380@example.com,hashed_password,household,Kolkata,1,2024-06-28
381,User_381,user381@example.com,hashed_password,household,Mumbai,5,2024-10-31
382,User_382,user382@example.com,hashed_password,household,Mumbai,1,2024-06-08
383,User_383,user383@example.com,hashed_password,household,Kolkata,1,2024-06-26
384,User_384,user384@example.com,hashed_password,household,Bengaluru,6,2024-12-12
385,User_385,user385@example.com,hashed_password,household,Chennai,3,2024-11-09
386,User_386,user386@example.com,hashed_password,household,Chennai,2,2024-02-09
387,User_387,user387@example.com,hashed_password,household,Hyderabad,4,2024-11-25
388,User_388,user388@example.com,hashed_password,household,Mumbai,1,2024-11-21
389,User_389,user389@example.com,hashed_password,household,Delhi,2,2024-08-24
390,User_390,user390@example.com,hashed_password,household,Pune,2,2024-06-22
391,User_391,user391@example.com,hashed_password,household,Pune,3,2024-07-04
392,User_392,user392@example.com,hashed_password,household,Chennai,6,2024-05-25
393,User_393,user393@example.com,hashed_password,household,Hyderabad,1,2024-09-30
394,User_394,user394@example.com,hashed_password,household,Pune,6,2024-09-05
395,User_395,user395@example.com,hashed_password,household,Chennai,5,2024-02-22
396,User_396,user396@example.com,hashed_password,household,Mumbai,6,2024-09-13
397,User_397,user397@example.com,hashed_password,household,Delhi,5,2024-12-23
398,User_398,user398@example.com,hashed_password,household,Pune,3,2024-05-12
399,User_399,user399@example.com,hashed_password,household,Chennai,1,2024-11-23
400,User_400,user400@example.com,hashed_password,household,Mumbai,1,2024-06-19
401,User_401,user401@example.com,hashed_password,household,Chennai,4,2024-11-04
402,User_402,user402@example.com,hashed_password,household,Hyderabad,3,2024-08-06
403,User_403,user403@example.com,hashed_password,household,Bengaluru,1,2024-07-21
404,User_404,user404@example.com,hashed_password,household,Chennai,6,2024-11-04
405,User_405,user405@example.com,hashed_password,household,Delhi,5,2024-03-18
406,User_406,user406@example.com,hashed_password,household,Bengaluru,4,2024-07-27
407,User_407,user407@example.com,hashed_password,household,Chennai,1,2024-05-19
408,User_408,user408@example.com,hashed_password,household,Mumbai,6,2024-03-21
409,User_409,user409@example.com,hashed_password,household,Kolkata,3,2024-02-14
410,User_410,user410@example.com,hashed_password,household,Delhi,3,2024-02-14
411,User_411,user411@example.com,hashed_password,household,Bengaluru,1,2024-01-06
412,User_412,user412@example.com,hashed_password,household,Mumbai,2,2024-08-25
413,User_413,user413@example.com,hashed_password,household,Mumbai,6,2024-12-22
414,User_414,user414@example.com,hashed_password,household,Delhi,3,2024-08-02
415,User_415,user415@example.com,hashed_password,household,Hyderabad,5,2024-11-30
416,User_416,user416@example.com,hashed_password,household,Pune,6,2024-05-13
417,User_417,user417@example.com,hashed_password,household,Delhi,4,2024-12-13
418,User_418,user418@example.com,hashed_password,household,Mumbai,4,2024-04-19
419,User_419,user419@example.com,hashed_password,household,Kolkata,1,2024-07-27
420,User_420,user420@example.com,hashed_password,household,Kolkata,4,2024-01-13
421,User_421,user421@example.com,hashed_password,household,Pune,5,2024-03-11
422,User_422,user422@example.com,hashed_password,household,Mumbai,1,2024-10-06
423,User_423,user423@example.com,hashed_password,household,Bengaluru,5,2024-07-02
424,User_424,user424@example.com,hashed_password,household,Kolkata,2,2024-01-25
425,User_425,user425@example.com,hashed_password,household,Delhi,5,2024-01-09
426,User_426,user426@example.com,hashed_password,household,Hyderabad,5,2024-03-03
427,User_427,user427@example.com,hashed_password,household,Delhi,5,2024-11-08
428,User_428,user428@example.com,hashed_password,household,Pune,6,2024-08-06
429,User_429,user429@example.com,hashed_password,household,Bengaluru,4,2024-06-23
430,User_430,user430@example.com,hashed_password,household,Bengaluru,6,2024-09-28
431,User_431,user431@example.com,hashed_password,household,Chennai,3,2024-12-09
432,User_432,user432@example.com,hashed_password,household,Pune,6,2024-02-09
433,User_433,user433@example.com,hashed_password,household,Bengaluru,3,2024-10-27
434,User_434,user434@example.com,hashed_password,household,Mumbai,3,2024-11-15
435,User_435,user435@example.com,hashed_password,household,Bengaluru,4,2024-05-14
436,User_436,user436@example.com,hashed_password,household,Bengaluru,2,2024-12-26
437,User_437,user437@example.com,hashed_password,household,Mumbai,4,2024-12-10
438,User_438,user438@example.com,hashed_password,household,Delhi,2,2024-01-14
439,User_439,user439@example.com,hashed_password,household,Chennai,3,2024-07-22
440,User_440,user440@example.com,hashed_password,household,Pune,4,2024-07-17
441,User_441,user441@example.com,hashed_password,household,Bengaluru,2,2024-10-21
442,User_442,user442@example.com,hashed_password,household,Mumbai,3,2024-06-24
443,User_443,user443@example.com,hashed_password,household,Kolkata,1,2024-03-19
444,User_444,user444@example.com,hashed_password,household,Pune,5,2024-10-08
445,User_445,user445@example.com,hashed_password,household,Delhi,2,2024-07-06
446,User_446,user446@example.com,hashed_password,household,Bengaluru,3,2024-06-20
447,User_447,user447@example.com,hashed_password,household,Mumbai,3,2024-04-28
448,User_448,user448@example.com,hashed_password,household,Hyderabad,1,2024-09-01
449,User_449,user449@example.com,hashed_password,household,Pune,6,2024-06-21
450,User_450,user450@example.com,hashed_password,household,Delhi,1,2024-07-29
451,User_451,user451@example.com,hashed_password,household,Kolkata,3,2024-09-27
452,User_452,user452@example.com,hashed_password,household,Delhi,6,2024-10-27
453,User_453,user453@example.com,hashed_password,household,Bengaluru,5,2024-01-27
454,User_454,user454@example.com,hashed_password,household,Pune,2,2024-02-02
455,User_455,user455@example.com,hashed_password,household,Bengaluru,6,2024-04-15
456,User_456,user456@example.com,hashed_password,household,Chennai,4,2024-04-16
457,User_457,user457@example.com,hashed_password,household,Hyderabad,2,2024-12-24
458,User_458,user458@example.com,hashed_password,household,Pune,4,2024-03-08
459,User_459,user459@example.com,hashed_password,household,Bengaluru,5,2024-10-02
460,User_460,user460@example.com,hashed_password,household,Chennai,4,2024-03-02
461,User_461,user461@example.com,hashed_password,household,Delhi,3,2024-02-13
462,User_462,user462@example.com,hashed_password,household,Kolkata,3,2024-11-24
463,User_463,user463@example.com,hashed_password,household,Pune,1,2024-10-20
464,User_464,user464@example.com,hashed_password,household,Pune,4,2024-06-25
465,User_465,user465@example.com,hashed_password,household,Chennai,4,2024-10-10
466,User_466,user466@example.com,hashed_password,household,Mumbai,3,2024-07-11
467,User_467,user467@example.com,hashed_password,household,Pune,2,2024-10-04
468,User_468,user468@example.com,hashed_password,household,Pune,5,2024-03-15
469,User_469,user469@example.com,hashed_password,household,Mumbai,3,2024-04-09
470,User_470,user470@example.com,hashed_password,household,Delhi,6,2024-07-14
471,User_471,user471@example.com,hashed_password,household,Pune,1,2024-06-14
472,User_472,user472@example.com,hashed_password,household,Chennai,2,2024-04-16
473,User_473,user473@example.com,hashed_password,household,Kolkata,5,2024-03-29
474,User_474,user474@example.com,hashed_password,household,Pune,2,2024-11-11
475,User_475,user475@example.com,hashed_password,household,Bengaluru,6,2024-07-08
476,User_476,user476@example.com,hashed_password,household,Kolkata,3,2024-04-16
477,User_477,user477@example.com,hashed_password,household,Mumbai,4,2024-08-03
478,User_478,user478@example.com,hashed_password,household,Mumbai,3,2024-05-23
479,User_479,user479@example.com,hashed_password,household,Bengaluru,4,2024-12-10
480,User_480,user480@example.com,hashed_password,household,Pune,6,2024-07-21
481,User_481,user481@example.com,hashed_password,household,Chennai,2,2024-05-31
482,User_482,user482@example.com,hashed_password,household,Chennai,3,2024-03-01
483,User_483,user483@example.com,hashed_password,household,Mumbai,5,2024-08-30
484,User_484,user484@example.com,hashed_password,household,Delhi,6,2024-11-27
485,User_485,user485@example.com,hashed_password,household,Hyderabad,2,2024-05-10
486,User_486,user486@example.com,hashed_password,household,Delhi,2,2024-09-10
487,User_487,user487@example.com,hashed_password,household,Delhi,5,2024-01-31
488,User_488,user488@example.com,hashed_password,household,Mumbai,3,2024-08-23
489,User_489,user489@example.com,hashed_password,household,Pune,4,2024-12-18
490,User_490,user490@example.com,hashed_password,household,Hyderabad,2,2024-10-03
491,User_491,user491@example.com,hashed_password,household,Mumbai,2,2024-02-22
492,User_492,user492@example.com,hashed_password,household,Hyderabad,5,2024-05-07
493,User_493,user493@example.com,hashed_password,household,Bengaluru,1,2024-05-12
494,User_494,user494@example.com,hashed_password,household,Hyderabad,4,2024-02-03
495,User_495,user495@example.com,hashed_password,household,Chennai,5,2024-04-11
496,User_496,user496@example.com,hashed_password,household,Mumbai,1,2024-05-30
497,User_497,user497@example.com,hashed_password,household,Pune,1,2024-03-22
498,User_498,user498@example.com,hashed_password,household,Chennai,6,2024-08-14
499,User_499,user499@example.com,hashed_password,household,Mumbai,3,2024-11-12
500,User_500,user500@example.com,hashed_password,household,Mumbai,5,2024-09-24
